{"DiffuseRadius":6,"DiffuseRateA":1,"DiffuseRateB":0.5,"DisplayMode":"CircleIn","FeedRate":0.04540000110864639,"KillRate":0.06199999898672104}

