{"DiffuseRadius":4,"DiffuseRateA":1,"DiffuseRateB":0.5,"DisplayMode":"CircleIn","FeedRate":0.01470000017434359,"KillRate":0.04600000008940697,"StepsPerFrame":6}

